Fold,MAE,RMSE,MAPE%,R2,ExplVar,Best_iter
1,40.4794116237528,51.86060441374326,4.817828442719232,0.8096629175560669,0.8113036723984698,33
2,33.473444971633604,42.473600075835456,3.9798304514302254,0.9394168926766734,0.940609965981004,77
3,31.226382544647816,39.50019499248612,3.8654887942918625,0.9584620793072668,0.9597264791521509,198
4,31.348217524750375,40.91851294632569,3.8534029569601302,0.8872954805047879,0.9000106458527668,84
